Date,Name,Email,DOB,Age,Eligibility,Verification,SSC %,Category,Course
5/31/2026,AYUSHI ASHOK PRAJAPATI,1631ayushisvjc@gmail.com,8/15/2005,20,Eligible,Pending,86.4,GENERAL,3D Animation and Graphics
6/23/2026,ARUSH VIJAY KADAM,anchitavk123@gmail.com,10/23/2010,15,Eligible,Pending,85.2,GENERAL,3D Animation and Graphics
5/28/2026,HARSH BOLLABATHINI,bswami.barc@gmail.com,09/11/10,15,Eligible,Pending,82,GENERAL,3D Animation and Graphics
5/18/2026,SWAYAM RUSHIKESH KULKARNI,bhoomikark0411@gmail.com,12/27/2008,17,Eligible,Pending,80.6,GENERAL,3D Animation and Graphics
6/16/2026,DIKSHA VITTHAL GOGAWALE,animation@idemi.org,12/08/08,17,Eligible,Pending,74.2,GENERAL,3D Animation and Graphics
5/26/2026,YASH RAKESH KAMBLI,kamblipr01@gmail.com,10/25/2006,19,Eligible,Pending,73.4,GENERAL,3D Animation and Graphics
5/15/2026,SOMNATH SAKHALE,somnathsakhale3@gmail.com,05/03/04,22,Eligible,Pending,71.4,GENERAL,3D Animation and Graphics
5/29/2026,AVINASH LINGAPPA POOJARI ,iiidpf@gmail.com,11/16/2010,15,Eligible,Pending,64.2,GENERAL,3D Animation and Graphics
05/12/26,JIVAN DEVDAS MORE,pokharkarvaibhav719@gmail.com,7/25/2008,17,Eligible,Pending,64,GENERAL,3D Animation and Graphics
5/27/2026,TEJAS NAZRE ,vaishalinazre97@gmail.com,06/01/08,18,Eligible,Pending,60,GENERAL,3D Animation and Graphics
06/05/26,ZAIN FEROZ KHAN,fijukhan408@gmail.com,2/16/2009,17,Eligible,Pending,56.4,GENERAL,3D Animation and Graphics
06/03/26,AMRUTA DHANESH KADAM,kadamamruta1208@gmail.com,02/12/08,18,Eligible,Pending,56,GENERAL,3D Animation and Graphics
06/01/26,VAIBHAV KISHOR DALVI,vaibhavdalvi258@gmail.com,2/16/2009,17,Eligible,Pending,56,GENERAL,3D Animation and Graphics
6/16/2026,SWAYAM PRAMOD SAKPAL,swyam00q@gmail.com,04/07/07,19,Eligible,Pending,53,GENERAL,3D Animation and Graphics
6/20/2026,PRANAY PRADEEP SHARMA ,manjitasharma537@gmail.com,11/14/2010,15,Eligible,Pending,48.8,GENERAL,3D Animation and Graphics
06/02/26,SOHAM SANTOSH GAWADE,sohamgawade449922@gmail.com,02/02/07,19,Eligible,Pending,48.67,GENERAL,3D Animation and Graphics